{
  "em": 41.50326797385621,
  "f1": 48.547767028825
}